product_title,link,price,currency,pre_reduction,discount
Youth 530,https://www.namshi.com//bahrain-en/buy-new-balance-youth-530/V24336DE3CE7197ABB195V/p/,52.25,BHD,,
Kids Breakbase,https://www.namshi.com//bahrain-en/buy-adidas-kids-breakbase/Z797EF0F958F9075227B9Z/p/,18.9,BHD,22.66,-17%
Youth Copa Pure IV Club IN,https://www.namshi.com//bahrain-en/buy-adidas-youth-copa-pure-iv-club-in/ZF197E5465F38C94433A6Z/p/,13.78,BHD,22.66,-40%
Kids Copa Pure Iv League Tf,https://www.namshi.com//bahrain-en/buy-adidas-kids-copa-pure-iv-league-tf/Z10DF31ED6FBF46D91DFDZ/p/,17.99,BHD,30.24,-41%
Tensaur Switch Shoes Kids,https://www.namshi.com//bahrain-en/buy-adidas-tensaur-switch-shoes-kids/VBCED5BD01D2118C1E879V/p/,15.6,BHD,20.49,-24%
Kids Handball Spezial,https://www.namshi.com//bahrain-en/buy-adidas-originals-kids-handball-spezial/ZEAD957247731A8454186Z/p/,20.38,BHD,30.24,-33%
Youth 408,https://www.namshi.com//bahrain-en/buy-new-balance-youth-408/Z3A5172F243161B87E7A8Z/p/,21.97,BHD,27.00,-19%
Youth Gel-Nyc Gs,https://www.namshi.com//bahrain-en/buy-asics-youth-gel-nyc-gs/ZEC500C4A033AA6D18A54Z/p/,49.51,BHD,52.36,-6%
Kids Campus 00S C,https://www.namshi.com//bahrain-en/buy-adidas-originals-kids-campus-00s-c/Z25C15A295F6AF89EBFAAZ/p/,20.95,BHD,35.67,-42%
Youth Deportivo III TF,https://www.namshi.com//bahrain-en/buy-adidas-youth-deportivo-iii-tf/Z071DC28788AA9661215CZ/p/,13.78,BHD,18.32,-25%
Youth Runfalcon 5,https://www.namshi.com//bahrain-en/buy-adidas-youth-runfalcon-5/V83152269E8AA3EC18C2EV/p/,18.78,BHD,24.83,-25%
Kids Samba Og,https://www.namshi.com//bahrain-en/buy-adidas-originals-kids-samba-og/V04227C685EE6F6F1371EV/p/,32.9,BHD,,
Kids Runfalcon 5 El,https://www.namshi.com//bahrain-en/buy-adidas-kids-runfalcon-5-el/V217C0E56F1A87D4446FDV/p/,16.39,BHD,21.57,-25%
Kids Chuck Taylor All Star,https://www.namshi.com//bahrain-en/buy-converse-kids-chuck-taylor-all-star/V10288262DA3C7E5560ECV/p/,14.57,BHD,27.00,-47%
Youth Gazelle,https://www.namshi.com//bahrain-en/buy-adidas-originals-youth-gazelle/V2B766DBC85AC1AE4D47AV/p/,12.63,BHD,43.26,-71%
Nike Jr. Tiempo Legend 10 Academy,https://www.namshi.com//bahrain-en/buy-nike-nike-jr-tiempo-legend-10-academy/V1F341580B78611C7A0D9V/p/,10.02,BHD,35.67,-72%
AIR MAX 270 BG,https://www.namshi.com//bahrain-en/buy-nike-air-max-270-bg/Z61BEB4290070F8F542BBZ/p/,28,BHD,67.75,-59%
Youth Tensaur Run 3.0,https://www.namshi.com//bahrain-en/buy-adidas-youth-tensaur-run-3-0/ZE60E0A489788D21E3639Z/p/,11.95,BHD,22.66,-48%
Kids Chuck Taylor All Star,https://www.namshi.com//bahrain-en/buy-converse-kids-chuck-taylor-all-star/V21EBC89D8BB282331B75V/p/,11.5,BHD,19.41,-41%
Kids Club Ii Era,https://www.namshi.com//bahrain-en/buy-puma-kids-club-ii-era/Z8B9F6CA4B60B85AA4840Z/p/,17.76,BHD,28.08,-37%
Youth Runfalcon 5 El,https://www.namshi.com//bahrain-en/buy-adidas-youth-runfalcon-5-el/Z6CBCE227D30F34EF2CABZ/p/,12.98,BHD,21.57,-40%
Kids Smash 3.0 L V Ps,https://www.namshi.com//bahrain-en/buy-puma-kids-smash-3-0-l-v-ps/V6F03180935E4658819C6V/p/,11.73,BHD,21.57,-46%
Infant Samba Og Cf El,https://www.namshi.com//bahrain-en/buy-adidas-originals-infant-samba-og-cf-el/Z61E9C4E98E3F80CDEED2Z/p/,22.42,BHD,30.24,-26%
Youth Handball Spezial,https://www.namshi.com//bahrain-en/buy-adidas-originals-youth-handball-spezial/Z6C2D25B2390F4C16F7A7Z/p/,30.62,BHD,46.50,-35%
NIKE STAR RUNNER 5 GS,https://www.namshi.com//bahrain-en/buy-nike-nike-star-runner-5-gs/VDF58C8D57AD98CE574D0V/p/,35.17,BHD,,
Infant Samba Og Cf El,https://www.namshi.com//bahrain-en/buy-adidas-originals-infant-samba-og-cf-el/ZECB56906423F66AD785EZ/p/,21.4,BHD,25.91,-18%
Youth Rickie,https://www.namshi.com//bahrain-en/buy-puma-youth-rickie/Z403AE6E214247E4E72EBZ/p/,19.58,BHD,21.57,-10%
Youth Terrain Clogs,https://www.namshi.com//bahrain-en/buy-crocs-youth-terrain-clogs/Z5983871936BE43AA6618Z/p/,23.79,BHD,,
Youth Gel-Nyc Gs,https://www.namshi.com//bahrain-en/buy-asics-youth-gel-nyc-gs/ZC86C6564F05A2391899AZ/p/,42.46,BHD,48.78,-13%
Tensaur Comfort Shoes Kids,https://www.namshi.com//bahrain-en/buy-adidas-tensaur-comfort-shoes-kids/V740A318849BDD8F56C0BV/p/,23.79,BHD,,
Infant Vl Court 3.0 Cf,https://www.namshi.com//bahrain-en/buy-adidas-infant-vl-court-3-0-cf/Z01945C0C995D549699C5Z/p/,23.11,BHD,24.93,-8%
Kids Bounder,https://www.namshi.com//bahrain-en/buy-skechers-kids-bounder/Z5449B2A1AD4B3007229BZ/p/,12.07,BHD,16.48,-27%
Kids Runfalcon 5 El,https://www.namshi.com//bahrain-en/buy-adidas-kids-runfalcon-5-el/V217C0E56F1A87D4446FDV/p/,16.39,BHD,21.57,-25%
Kids Bounder,https://www.namshi.com//bahrain-en/buy-skechers-kids-bounder/ZFD1DA296FD39836F3E2FZ/p/,14,BHD,16.48,-16%
Youth Gazelle,https://www.namshi.com//bahrain-en/buy-adidas-originals-youth-gazelle/ZA21C5C77E79E1460503DZ/p/,28.69,BHD,43.26,-34%
Kids Duramo Sl2 El C,https://www.namshi.com//bahrain-en/buy-adidas-kids-duramo-sl2-el-c/ZF3F49D0A9C29F8338A51Z/p/,18.9,BHD,22.66,-17%
Kids Go Run 400 V2,https://www.namshi.com//bahrain-en/buy-skechers-kids-go-run-400-v2/Z70FA1D65273FC4206634Z/p/,18.44,BHD,,
Kids Tensaur Comfort Ac,https://www.namshi.com//bahrain-en/buy-adidas-kids-tensaur-comfort-ac/ZCF2937CFE10F1D4921AEZ/p/,16.39,BHD,21.57,-25%
Kids Chuck Taylor All Star,https://www.namshi.com//bahrain-en/buy-converse-kids-chuck-taylor-all-star/V10288262DA3C7E5560ECV/p/,14.57,BHD,27.00,-47%
Youth Advantage Base 2.0,https://www.namshi.com//bahrain-en/buy-adidas-youth-advantage-base-2-0/Z38753A8DB68FFF8B0FDAZ/p/,17.07,BHD,22.66,-25%
Kids Barreda Decode Elsa,https://www.namshi.com//bahrain-en/buy-adidas-kids-barreda-decode-elsa/Z8BBE050DC099F4C6CFEEZ/p/,20.26,BHD,27.00,-25%
Kids Duramo Sl2 El,https://www.namshi.com//bahrain-en/buy-adidas-kids-duramo-sl2-el/ZF9053C654BE7680DBC97Z/p/,17.87,BHD,22.66,-22%
Nike Jr. Tiempo Legend 10 Academy,https://www.namshi.com//bahrain-en/buy-nike-nike-jr-tiempo-legend-10-academy/V1F341580B78611C7A0D9V/p/,10.02,BHD,35.67,-72%
Infant Duramo Sl2 El,https://www.namshi.com//bahrain-en/buy-adidas-infant-duramo-sl2-el/VE609D94C72CD52A2F600V/p/,17.64,BHD,20.49,-14%
Kids Handball Spezial,https://www.namshi.com//bahrain-en/buy-adidas-originals-kids-handball-spezial/Z60568BF10AB002F4F68CZ/p/,35.17,BHD,,
Infant Runfalcon 5 El,https://www.namshi.com//bahrain-en/buy-adidas-infant-runfalcon-5-el/V8A9AFE6F5EF9292A1E3FV/p/,17.64,BHD,19.41,-10%
Kids Tensaur Comfort Ac,https://www.namshi.com//bahrain-en/buy-adidas-kids-tensaur-comfort-ac/Z313513BE7023F6F2A392Z/p/,15.94,BHD,21.57,-27%
Infant Grand Court Mickey,https://www.namshi.com//bahrain-en/buy-adidas-infant-grand-court-mickey/V1475EEF8BA402D4FD1F5V/p/,16.74,BHD,22.66,-27%
Kids Duramo Sl2 El,https://www.namshi.com//bahrain-en/buy-adidas-kids-duramo-sl2-el/Z9B1B33B0B2651A3851DCZ/p/,17.07,BHD,22.66,-25%
Youth Grand Court 3.0,https://www.namshi.com//bahrain-en/buy-adidas-youth-grand-court-3-0/ZAF324A2F7B1999F435E8Z/p/,16.39,BHD,22.66,-28%
Kids Club Ii Era V Ps,https://www.namshi.com//bahrain-en/buy-puma-kids-club-ii-era-v-ps/Z1BD24DFC39796FFDD887Z/p/,15.25,BHD,25.91,-42%
Infant Adilette Estrap Buz,https://www.namshi.com//bahrain-en/buy-adidas-infant-adilette-estrap-buz/Z673534DCB06350D4801EZ/p/,11.16,BHD,13.98,-21%
Youth Runfalcon 5,https://www.namshi.com//bahrain-en/buy-adidas-youth-runfalcon-5/ZDC9BA18744D3C5FB24B2Z/p/,17.76,BHD,24.83,-29%
Infant Samba Crib,https://www.namshi.com//bahrain-en/buy-adidas-originals-infant-samba-crib/ZECA278C03787787BC729Z/p/,14.68,BHD,20.49,-29%
Kids Campus 00S C,https://www.namshi.com//bahrain-en/buy-adidas-originals-kids-campus-00s-c/Z757128D199C522BA66C9Z/p/,20.95,BHD,35.67,-42%
Infant Vl Court 3.0 Cf,https://www.namshi.com//bahrain-en/buy-adidas-infant-vl-court-3-0-cf/ZDFDBE344313A55D49063Z/p/,23.68,BHD,24.83,-5%
Infant Vl Court 3.0 Cf,https://www.namshi.com//bahrain-en/buy-adidas-infant-vl-court-3-0-cf/ZDE0B58B1783D2038A455Z/p/,17.07,BHD,22.66,-25%
Kids Adifom Samba 360 C,https://www.namshi.com//bahrain-en/buy-adidas-originals-kids-adifom-samba-360-c/Z1CE558CA5B18F6361473Z/p/,27.43,BHD,35.67,-24%
AIR MAX 270 BG,https://www.namshi.com//bahrain-en/buy-nike-air-max-270-bg/Z61BEB4290070F8F542BBZ/p/,28,BHD,67.75,-59%
Kids Grand Court Spider-Man,https://www.namshi.com//bahrain-en/buy-adidas-kids-grand-court-spider-man/VF354795F44438A62FD14V/p/,20.26,BHD,27.00,-25%
Kids Grand Court 00S,https://www.namshi.com//bahrain-en/buy-adidas-kids-grand-court-00s/Z053BE64482DADAC142F5Z/p/,19.46,BHD,27.00,-28%
Infant Vl Court 3.0 Cf,https://www.namshi.com//bahrain-en/buy-adidas-infant-vl-court-3-0-cf/ZDFDBE344313A55D49063Z/p/,23.68,BHD,24.83,-5%
Kids Campus 00S El C,https://www.namshi.com//bahrain-en/buy-adidas-originals-kids-campus-00s-el-c/Z0384D89245D335FE253EZ/p/,15.48,BHD,35.67,-57%
Infant Vl Court 3.0 Cf,https://www.namshi.com//bahrain-en/buy-adidas-infant-vl-court-3-0-cf/ZDE0B58B1783D2038A455Z/p/,17.07,BHD,22.66,-25%
Kids Campus 00S C,https://www.namshi.com//bahrain-en/buy-adidas-originals-kids-campus-00s-c/Z757128D199C522BA66C9Z/p/,20.95,BHD,35.67,-42%
Kids All-Day Active Ac+ Ps,https://www.namshi.com//bahrain-en/buy-puma-kids-all-day-active-ac-ps/Z23E54B6274DC39A2F199Z/p/,11.38,BHD,20.49,-45%
Youth Barreda Decode,https://www.namshi.com//bahrain-en/buy-adidas-youth-barreda-decode/Z9102CE43ABF384A17DADZ/p/,18.33,BHD,28.08,-35%
Infant Tensaur Switch Cf,https://www.namshi.com//bahrain-en/buy-adidas-infant-tensaur-switch-cf/Z05CBE8F95FF897F42E78Z/p/,14.57,BHD,18.32,-21%
Kids Water Sandal Spider,https://www.namshi.com//bahrain-en/buy-adidas-kids-water-sandal-spider/Z6D71030D0BFFA0E0E1FFZ/p/,20.03,BHD,25.91,-23%
Youth 530,https://www.namshi.com//bahrain-en/buy-new-balance-youth-530/Z4BF998F84D357D66427CZ/p/,52.25,BHD,,
Infant Gazellef El,https://www.namshi.com//bahrain-en/buy-adidas-originals-infant-gazellef-el/VD2C8E0A8DA04446AAB95V/p/,18.21,BHD,27.00,-33%
Kids Handball Spezial,https://www.namshi.com//bahrain-en/buy-adidas-originals-kids-handball-spezial/V6DDB3C0C15EC404097ADV/p/,19.35,BHD,32.41,-41%
Kids Samba Og Cf El C,https://www.namshi.com//bahrain-en/buy-adidas-originals-kids-samba-og-cf-el-c/Z384D5B4867B8479398DEZ/p/,26.52,BHD,35.67,-26%
Kids Smash 3.0 L V Ps,https://www.namshi.com//bahrain-en/buy-puma-kids-smash-3-0-l-v-ps/V6F03180935E4658819C6V/p/,11.73,BHD,21.57,-46%
Air Jordan 1 Mid,https://www.namshi.com//bahrain-en/buy-jordan-air-jordan-1-mid/Z59C82454C4FBA0C206AAZ/p/,37.34,BHD,57.35,-35%
Kids Smash 3.0 L V Ps,https://www.namshi.com//bahrain-en/buy-puma-kids-smash-3-0-l-v-ps/V5E94ACA3FA89FC3BB1AAV/p/,9.79,BHD,21.57,-55%
Unisex Kids BMW M Motorsport Drift Cat Decima motorsport shoe,https://www.namshi.com//bahrain-en/buy-bmw-motorsport-unisex-kids-bmw-m-motorsport-drift-cat-decima-motorsport-shoe/ZB998C33A9B409A9041F1Z/p/,11.99,BHD,37.51,-69%
Infant Campus 00S Cf El,https://www.namshi.com//bahrain-en/buy-adidas-originals-infant-campus-00s-cf-el/VE78D423B48B2DD0ACB92V/p/,16.28,BHD,30.24,-47%
Kids Grand Court Minnie,https://www.namshi.com//bahrain-en/buy-adidas-kids-grand-court-minnie/V78A35CE8FAD69159F11EV/p/,12.52,BHD,27.00,-54%
Nike Metro Tek,https://www.namshi.com//bahrain-en/buy-nike-nike-metro-tek/VC6E3E96CEA5E75BAF670V/p/,14.91,BHD,37.83,-61%
Kids Old Skool V Sneakers,https://www.namshi.com//bahrain-en/buy-vans-kids-old-skool-v-sneakers/VFFD1F60B9F32091CB10DV/p/,10.81,BHD,24.83,-57%
Kids Tensaur Run 3.0 El,https://www.namshi.com//bahrain-en/buy-adidas-kids-tensaur-run-3-0-el/VBDF23A7DAED77951F3FBV/p/,12.63,BHD,19.41,-35%
Kids Gel-1130 Ps,https://www.namshi.com//bahrain-en/buy-asics-kids-gel-1130-ps/Z6581AA441AEB85761248Z/p/,39.27,BHD,,
Infant Tensaur Comfort Ac,https://www.namshi.com//bahrain-en/buy-adidas-infant-tensaur-comfort-ac/Z47F95B8418E2BDF5AD6BZ/p/,15.03,BHD,19.41,-23%
NIKE COSMIC RUNNER TD,https://www.namshi.com//bahrain-en/buy-nike-nike-cosmic-runner-td/VEA7EABE0838107BEC62AV/p/,23.79,BHD,,
Kids Vl Court 3.0,https://www.namshi.com//bahrain-en/buy-adidas-kids-vl-court-3-0/ZB08512214F188AC714F5Z/p/,22.08,BHD,25.91,-15%
Kids Classic Clogs,https://www.namshi.com//bahrain-en/buy-crocs-kids-classic-clogs/Z72017F7FA8E19033F886Z/p/,21.52,BHD,,
Infant Bubblecomfy,https://www.namshi.com//bahrain-en/buy-adidas-infant-bubblecomfy/Z219396DA97DB726529B2Z/p/,17.07,BHD,20.49,-17%
Kids Tensaur Run 3.0 El,https://www.namshi.com//bahrain-en/buy-adidas-kids-tensaur-run-3-0-el/ZC7F6220CFF434B64F113Z/p/,18.78,BHD,19.41,-4%
Kids Gel-1130 Ps,https://www.namshi.com//bahrain-en/buy-asics-kids-gel-1130-ps/Z5117D787F6D02E73B32CZ/p/,36.31,BHD,36.32,-1%
Kids Flexfocus Sliptech Ps,https://www.namshi.com//bahrain-en/buy-puma-kids-flexfocus-sliptech-ps/ZE372A44895E90D9B5C38Z/p/,11.38,BHD,19.41,-42%
Youth Softride Cosmic Street Sliptech,https://www.namshi.com//bahrain-en/buy-puma-youth-softride-cosmic-street-sliptech/ZACBB2426A9510F7B44E8Z/p/,15.82,BHD,29.16,-46%
Kids Club Ii Era,https://www.namshi.com//bahrain-en/buy-puma-kids-club-ii-era/Z8B9F6CA4B60B85AA4840Z/p/,17.76,BHD,28.08,-37%
Youth Runfalcon 5 El,https://www.namshi.com//bahrain-en/buy-adidas-youth-runfalcon-5-el/Z6CBCE227D30F34EF2CABZ/p/,12.98,BHD,21.57,-40%
Kids Altaswim 3 C,https://www.namshi.com//bahrain-en/buy-adidas-kids-altaswim-3-c/Z0021C29D58A67A6C048FZ/p/,12.63,BHD,18.32,-32%
Kids Smash 3.0 L V Ps,https://www.namshi.com//bahrain-en/buy-puma-kids-smash-3-0-l-v-ps/V6F03180935E4658819C6V/p/,11.73,BHD,21.57,-46%
Kids Gel-1130 Ps,https://www.namshi.com//bahrain-en/buy-asics-kids-gel-1130-ps/Z4D9C935ED45FC3CC033CZ/p/,31.87,BHD,36.32,-13%
Infant Tensaur Run 3.0 El,https://www.namshi.com//bahrain-en/buy-adidas-infant-tensaur-run-3-0-el/Z40FB1266F26B28DE237CZ/p/,15.25,BHD,20.49,-26%
Infant Flexfocus Modern Ac+,https://www.namshi.com//bahrain-en/buy-puma-infant-flexfocus-modern-ac/Z61D24DEA46F106AD0D87Z/p/,19.24,BHD,,
Kids Tensaur Run 3.0 El,https://www.namshi.com//bahrain-en/buy-adidas-kids-tensaur-run-3-0-el/ZCA5F1588943F86D7751BZ/p/,16.74,BHD,22.66,-27%
Kids Breakbase C,https://www.namshi.com//bahrain-en/buy-adidas-kids-breakbase-c/ZA2FF767C3B9495AF27F2Z/p/,18.9,BHD,22.66,-17%
Youth Cloud Play,https://www.namshi.com//bahrain-en/buy-on-running-youth-cloud-play/Z53BF282554F5EBE21443Z/p/,58.05,BHD,,
COURT BOROUGH LOW RECRAFT BPV,https://www.namshi.com//bahrain-en/buy-nike-court-borough-low-recraft-bpv/VCE5B86C58C494782B737V/p/,32.9,BHD,,
Air Jordan 1 Mid,https://www.namshi.com//bahrain-en/buy-jordan-air-jordan-1-mid/Z59C82454C4FBA0C206AAZ/p/,37.34,BHD,57.35,-35%
Nike Flex Runner 4,https://www.namshi.com//bahrain-en/buy-nike-nike-flex-runner-4/VED90BACEC206603F5591V/p/,27.2,BHD,,
Kids Smash 3.0 L V Ps,https://www.namshi.com//bahrain-en/buy-puma-kids-smash-3-0-l-v-ps/V5E94ACA3FA89FC3BB1AAV/p/,9.79,BHD,21.57,-55%
Kids Vl Court 3.0,https://www.namshi.com//bahrain-en/buy-adidas-kids-vl-court-3-0/Z60E284EB667DEB7416E2Z/p/,19.01,BHD,25.91,-27%
Youth Adizero Evo Sl,https://www.namshi.com//bahrain-en/buy-adidas-youth-adizero-evo-sl/VF9CA9FBEE04FDB2647F9V/p/,69.32,BHD,,
Adilette Sandals,https://www.namshi.com//bahrain-en/buy-adidas-adilette-sandals/V25DA5A5DF46D04AA4D3AV/p/,16.96,BHD,,
Unisex Kids BMW M Motorsport Drift Cat Decima motorsport shoe,https://www.namshi.com//bahrain-en/buy-bmw-motorsport-unisex-kids-bmw-m-motorsport-drift-cat-decima-motorsport-shoe/ZB998C33A9B409A9041F1Z/p/,11.99,BHD,37.51,-69%
Kids Handball Spezial,https://www.namshi.com//bahrain-en/buy-adidas-originals-kids-handball-spezial/Z7048E609A5A5EE9DFDDEZ/p/,17.76,BHD,30.24,-42%
Infant Summerflex I,https://www.namshi.com//bahrain-en/buy-adidas-infant-summerflex-i/VA0A72BB45CBA02F71469V/p/,19.69,BHD,22.66,-14%
Youth Duramo Sl2,https://www.namshi.com//bahrain-en/buy-adidas-youth-duramo-sl2/Z40664DFE2F96D3BB3DCEZ/p/,18.56,BHD,25.91,-29%
Nike Flex Runner 4,https://www.namshi.com//bahrain-en/buy-nike-nike-flex-runner-4/V9F1C650CFE4069854F1AV/p/,27.2,BHD,,
Kids Adilette Shower Logo,https://www.namshi.com//bahrain-en/buy-adidas-kids-adilette-shower-logo/ZBF275F1DEDBBD569B207Z/p/,9.45,BHD,12.90,-27%
Kids Air Max 270 Bp,https://www.namshi.com//bahrain-en/buy-nike-kids-air-max-270-bp/Z955AF6C9FCE838DC74A5Z/p/,31.87,BHD,48.67,-35%
578 Sports Shoes,https://www.namshi.com//bahrain-en/buy-new-balance-578-sports-shoes/Z729A013F5024B1CCBD82Z/p/,21.52,BHD,,
Kids Rincon 4 Big Kids,https://www.namshi.com//bahrain-en/buy-hoka-kids-rincon-4-big-kids/ZFB30845314589BFB1C98Z/p/,49.51,BHD,,
Kids Adilette Aqua,https://www.namshi.com//bahrain-en/buy-adidas-kids-adilette-aqua/Z6EE0805C28B8D66C3999Z/p/,7.85,BHD,10.73,-27%
Infant Tensaur Run 3.0 El,https://www.namshi.com//bahrain-en/buy-adidas-infant-tensaur-run-3-0-el/ZCAF6051381BB88DF63ECZ/p/,15.25,BHD,20.49,-26%
Kids Grand Court Minnie,https://www.namshi.com//bahrain-en/buy-adidas-kids-grand-court-minnie/V78A35CE8FAD69159F11EV/p/,12.52,BHD,27.00,-54%
Youth Samba Og,https://www.namshi.com//bahrain-en/buy-adidas-originals-youth-samba-og/Z4D2BAB642E33F26021BEZ/p/,46.33,BHD,46.50,-1%
Nike Metro Tek,https://www.namshi.com//bahrain-en/buy-nike-nike-metro-tek/VC6E3E96CEA5E75BAF670V/p/,14.91,BHD,37.83,-61%
Kids Duramo Sl2 El,https://www.namshi.com//bahrain-en/buy-adidas-kids-duramo-sl2-el/VF867A1ABE9914F8545ACV/p/,17.07,BHD,22.66,-25%
Infant Flexfocus Modern Ac+,https://www.namshi.com//bahrain-en/buy-puma-infant-flexfocus-modern-ac/Z33F0D1CE1EA60A9660F7Z/p/,19.24,BHD,,
Nike Dunk Low,https://www.namshi.com//bahrain-en/buy-nike-nike-dunk-low/ZFEF2C8F823FB3D879D23Z/p/,37.11,BHD,48.67,-24%
Kids Sunray Protect 4 Bp,https://www.namshi.com//bahrain-en/buy-nike-kids-sunray-protect-4-bp/V02135E990CEB4A76384FV/p/,18.56,BHD,24.83,-26%
Youth Handball Spezial,https://www.namshi.com//bahrain-en/buy-adidas-originals-youth-handball-spezial/Z101ACBC0B1B0498A2FD2Z/p/,28.23,BHD,46.50,-40%
Infant Breaknet 3.0 Cf,https://www.namshi.com//bahrain-en/buy-adidas-infant-breaknet-3-0-cf/Z826FCD32186DA061C2E0Z/p/,15.94,BHD,18.32,-14%
Kids Adifom Samba 360 C,https://www.namshi.com//bahrain-en/buy-adidas-originals-kids-adifom-samba-360-c/ZF6436E185DD3300F5D2AZ/p/,24.93,BHD,43.26,-43%
Kids Gel-Nyc Ps,https://www.namshi.com//bahrain-en/buy-asics-kids-gel-nyc-ps/Z02031B769C725A697249Z/p/,33.58,BHD,42.82,-22%
Youth Tensaur Switch,https://www.namshi.com//bahrain-en/buy-adidas-youth-tensaur-switch/Z54D4D26C6E54A7408E19Z/p/,16.74,BHD,22.66,-27%
Youth Omni Multi-Court Gs,https://www.namshi.com//bahrain-en/buy-nike-youth-omni-multi-court-gs/Z1CA52DC187617C02F9BAZ/p/,16.39,BHD,30.24,-46%
Kids Fun Racer 2 Ac+ Ps,https://www.namshi.com//bahrain-en/buy-puma-kids-fun-racer-2-ac-ps/Z2F7CF9E1F9747D55B11EZ/p/,10.59,BHD,18.32,-43%
Infant Adifom Samba 360 I,https://www.namshi.com//bahrain-en/buy-adidas-originals-infant-adifom-samba-360-i/V54F76D126AFAC467CBE0V/p/,17.42,BHD,30.24,-43%
Kids Ps Lockdown 7,https://www.namshi.com//bahrain-en/buy-under-armour-kids-ps-lockdown-7/V1B088266164405295E32V/p/,13.66,BHD,30.24,-55%
"Kids' Black Velcro Strap Sneakers Shoes - Easy-On, Day Fun for Little Explorers!",https://www.namshi.com//bahrain-en/buy-u-s-polo-assn-kids-black-velcro-strap-sneakers-shoes-easy-on-day-fun-for-little-explorers/Z305260DA62425DFB9181Z/p/,18.91,BHD,33.22,-44%
Nike Air Max SC,https://www.namshi.com//bahrain-en/buy-nike-nike-air-max-sc/VC3C16DA1E7485E90D706V/p/,20.26,BHD,41.09,-51%
Youth Cosmic Runner Gs,https://www.namshi.com//bahrain-en/buy-nike-youth-cosmic-runner-gs/ZF2337080999D39DF29B0Z/p/,20.26,BHD,30.24,-34%
Nike Air Max Nova,https://www.namshi.com//bahrain-en/buy-nike-nike-air-max-nova/VAC3BC7AB1230B3C97EC7V/p/,27.09,BHD,41.09,-35%
Infant Lightorama Rnr El,https://www.namshi.com//bahrain-en/buy-adidas-infant-lightorama-rnr-el/ZBF4696A613932B14D356Z/p/,15.37,BHD,25.91,-41%
Infant Fun Racer 2 Ac+,https://www.namshi.com//bahrain-en/buy-puma-infant-fun-racer-2-ac/V13657210DF893FE17E8AV/p/,7.51,BHD,16.15,-54%
Kids Old Skool V Sneakers,https://www.namshi.com//bahrain-en/buy-vans-kids-old-skool-v-sneakers/VFFD1F60B9F32091CB10DV/p/,10.81,BHD,24.83,-57%
Youth Dunk Low Retro Bttys,https://www.namshi.com//bahrain-en/buy-nike-youth-dunk-low-retro-bttys/VB1B1BFFDE479A1ED8B86V/p/,27.43,BHD,35.67,-24%
Youth Grand Court 3.0,https://www.namshi.com//bahrain-en/buy-adidas-youth-grand-court-3-0/ZF43EF7D298CB66875F3EZ/p/,17.99,BHD,22.66,-21%
Kids Tensaur Run 3.0 El,https://www.namshi.com//bahrain-en/buy-adidas-kids-tensaur-run-3-0-el/VBDF23A7DAED77951F3FBV/p/,12.63,BHD,19.41,-35%
Infant Samba Og Cf El,https://www.namshi.com//bahrain-en/buy-adidas-originals-infant-samba-og-cf-el/Z5046E93EE35E646E06B9Z/p/,24.7,BHD,25.91,-5%
Youth Omni Multi-Court Gs,https://www.namshi.com//bahrain-en/buy-nike-youth-omni-multi-court-gs/Z1CA52DC187617C02F9BAZ/p/,16.39,BHD,30.24,-46%
Youth Gel-1130 Gs,https://www.namshi.com//bahrain-en/buy-asics-youth-gel-1130-gs/Z4F50D5A08B51C09553E0Z/p/,43.26,BHD,,
Youth Cosmic Runner Gs,https://www.namshi.com//bahrain-en/buy-nike-youth-cosmic-runner-gs/ZBED3DB3438960AB6F4BBZ/p/,35.17,BHD,,
Kids Deportivo Iii Tf,https://www.namshi.com//bahrain-en/buy-adidas-kids-deportivo-iii-tf/Z1BA617F22BC64104994EZ/p/,15.82,BHD,18.32,-14%
Kids Tensaur Run 3.0 El,https://www.namshi.com//bahrain-en/buy-adidas-kids-tensaur-run-3-0-el/Z781DE52523F13619B3FDZ/p/,16.74,BHD,22.66,-27%
Nike Flex Runner 4,https://www.namshi.com//bahrain-en/buy-nike-nike-flex-runner-4/V40D5C1F7B29BFA169D94V/p/,29.48,BHD,,
Tensaur Hook and Loop Shoes,https://www.namshi.com//bahrain-en/buy-adidas-tensaur-hook-and-loop-shoes/ZFC615002AD30DF8330C7Z/p/,20.38,BHD,,
Youth Advantage Base 2.0,https://www.namshi.com//bahrain-en/buy-adidas-youth-advantage-base-2-0/Z47ABBA650959AE635124Z/p/,17.87,BHD,22.66,-22%
Youth Flex Runner 4 Gs,https://www.namshi.com//bahrain-en/buy-nike-youth-flex-runner-4-gs/VF3173203F682E50CB0F8V/p/,29.48,BHD,,
Kids Samba Og,https://www.namshi.com//bahrain-en/buy-adidas-originals-kids-samba-og/Z6DF10BEE9D37B5B5496EZ/p/,23.45,BHD,30.24,-23%
Youth V5 Rnr Gs,https://www.namshi.com//bahrain-en/buy-nike-youth-v5-rnr-gs/Z9AA74FFD8F7A9B59EC03Z/p/,46.55,BHD,,
Infant Grand Court Minnie,https://www.namshi.com//bahrain-en/buy-adidas-infant-grand-court-minnie/Z38A841B639469560E96EZ/p/,24.93,BHD,,
Kids Fun Racer 2 Ac+ Ps,https://www.namshi.com//bahrain-en/buy-puma-kids-fun-racer-2-ac-ps/Z2F7CF9E1F9747D55B11EZ/p/,10.59,BHD,18.32,-43%
Kids Grand Court Capt America El,https://www.namshi.com//bahrain-en/buy-adidas-kids-grand-court-capt-america-el/Z72D5015143D4E892223DZ/p/,16.96,BHD,27.00,-38%
COURT BOROUGH MID 2 BPV,https://www.namshi.com//bahrain-en/buy-nike-court-borough-mid-2-bpv/V2B9D91816101E4C55C20V/p/,35.17,BHD,,
Youth Terrain Clogs,https://www.namshi.com//bahrain-en/buy-crocs-youth-terrain-clogs/Z5983871936BE43AA6618Z/p/,23.79,BHD,,
Youth Fortarun 4.0,https://www.namshi.com//bahrain-en/buy-adidas-youth-fortarun-4-0/V832A1004B4E398B4657CV/p/,20.26,BHD,28.08,-28%
Infant Chuck Taylor All Star Cribster,https://www.namshi.com//bahrain-en/buy-converse-infant-chuck-taylor-all-star-cribster/Z31FD47EE3A2A2E9C5C79Z/p/,15.82,BHD,16.15,-3%
Infant Adifom Samba 360 I,https://www.namshi.com//bahrain-en/buy-adidas-originals-infant-adifom-samba-360-i/V54F76D126AFAC467CBE0V/p/,17.42,BHD,30.24,-43%
COURT BOROUGH LOW RECRAFT BG,https://www.namshi.com//bahrain-en/buy-nike-court-borough-low-recraft-bg/VFCC1802E16F525F24F5FV/p/,40.87,BHD,,
Kids Go Run 400 V2,https://www.namshi.com//bahrain-en/buy-skechers-kids-go-run-400-v2/Z5965D70AC3F6FDF9462AZ/p/,12.41,BHD,16.48,-25%
Kids Gt-1000 14 Ps,https://www.namshi.com//bahrain-en/buy-asics-kids-gt-1000-14-ps/Z72923AA0DB5285AEDAE3Z/p/,34.15,BHD,,
Kids Microspec Velocity,https://www.namshi.com//bahrain-en/buy-skechers-kids-microspec-velocity/Z3A5F48D3556A31B3D37EZ/p/,14.57,BHD,18.21,-21%
Kids Runfalcon 5 El,https://www.namshi.com//bahrain-en/buy-adidas-kids-runfalcon-5-el/ZF2A958F1B59BB31C0D56Z/p/,16.39,BHD,21.57,-25%
Kids Leadcat 2.0,https://www.namshi.com//bahrain-en/buy-puma-kids-leadcat-2-0/ZF35612FB02BE4CDE092BZ/p/,8.65,BHD,12.90,-33%
Youth Cloud Sky,https://www.namshi.com//bahrain-en/buy-on-running-youth-cloud-sky/ZBB5D4B7F5083EDB3A563Z/p/,66.59,BHD,,
Kids Ps Lockdown 7,https://www.namshi.com//bahrain-en/buy-under-armour-kids-ps-lockdown-7/V1B088266164405295E32V/p/,13.66,BHD,30.24,-55%
Youth X-Ray 3 Lt,https://www.namshi.com//bahrain-en/buy-puma-youth-x-ray-3-lt/Z60F6B51241AFB93F53DDZ/p/,14.91,BHD,25.91,-43%
"Kids' Black Velcro Strap Sneakers Shoes - Easy-On, Day Fun for Little Explorers!",https://www.namshi.com//bahrain-en/buy-u-s-polo-assn-kids-black-velcro-strap-sneakers-shoes-easy-on-day-fun-for-little-explorers/Z305260DA62425DFB9181Z/p/,18.91,BHD,33.22,-44%
Infant Vl Court Woody Cf,https://www.namshi.com//bahrain-en/buy-adidas-infant-vl-court-woody-cf/Z22B3A1BED2648056A96AZ/p/,24.93,BHD,,
Kids Barreda Decode El C,https://www.namshi.com//bahrain-en/buy-adidas-kids-barreda-decode-el-c/ZE04F91485566C91F5CA2Z/p/,19.69,BHD,22.66,-14%
Youth Breaknet 3.0,https://www.namshi.com//bahrain-en/buy-adidas-youth-breaknet-3-0/Z782A5E18B17375AC07E5Z/p/,19.46,BHD,22.66,-15%
Kids Go Run 400 V2,https://www.namshi.com//bahrain-en/buy-skechers-kids-go-run-400-v2/Z3E25EFFF1D99EF8A3883Z/p/,18.44,BHD,,
Infant Handball Spezial Cf,https://www.namshi.com//bahrain-en/buy-adidas-originals-infant-handball-spezial-cf/ZEBCF3A0975D0D3C32F21Z/p/,23.11,BHD,27.00,-15%
Youth 327,https://www.namshi.com//bahrain-en/buy-new-balance-youth-327/V19EEFF907EB976293129V/p/,46.55,BHD,,
Kids Breakbase C,https://www.namshi.com//bahrain-en/buy-adidas-kids-breakbase-c/Z062DA1C00227D622AAF4Z/p/,17.19,BHD,22.66,-25%
Youth P-6000 Bg,https://www.namshi.com//bahrain-en/buy-nike-youth-p-6000-bg/Z087AE95B9C110882A323Z/p/,55.66,BHD,,
Kids Vl Court Woody El C,https://www.namshi.com//bahrain-en/buy-adidas-kids-vl-court-woody-el-c/Z51EFB239162FC01B9740Z/p/,24.7,BHD,30.24,-19%
Kids Go Run 400 V2,https://www.namshi.com//bahrain-en/buy-skechers-kids-go-run-400-v2/Z1A9807EAC02E234CDB5CZ/p/,12.29,BHD,16.48,-26%
Infant Grand Court 2.0,https://www.namshi.com//bahrain-en/buy-adidas-infant-grand-court-2-0/VA9558B1552D7B4A04136V/p/,20.38,BHD,,
Youth Suede Xl,https://www.namshi.com//bahrain-en/buy-puma-youth-suede-xl/Z25580353980B7329A381Z/p/,40.87,BHD,,
Youth Cosmic Runner Gs,https://www.namshi.com//bahrain-en/buy-nike-youth-cosmic-runner-gs/ZF2337080999D39DF29B0Z/p/,20.26,BHD,30.24,-34%
Kids Fortarun 4.0 El C,https://www.namshi.com//bahrain-en/buy-adidas-kids-fortarun-4-0-el-c/ZCE9CFB03C8E750D71DD5Z/p/,18.56,BHD,25.91,-29%
Nike Air Max Nova,https://www.namshi.com//bahrain-en/buy-nike-nike-air-max-nova/VAC3BC7AB1230B3C97EC7V/p/,27.09,BHD,41.09,-35%
Infant Lightorama Rnr El,https://www.namshi.com//bahrain-en/buy-adidas-infant-lightorama-rnr-el/ZBF4696A613932B14D356Z/p/,15.37,BHD,25.91,-41%
Kids Adilette Estrap 2.0,https://www.namshi.com//bahrain-en/buy-adidas-kids-adilette-estrap-2-0/Z6A8227CFD1EEF61151A3Z/p/,11.04,BHD,13.98,-22%
Adifom Adilette Slides Kids,https://www.namshi.com//bahrain-en/buy-adidas-originals-adifom-adilette-slides-kids/Z76356FE437598C8BF894Z/p/,19.58,BHD,22.65,-14%
Youth Breakbase,https://www.namshi.com//bahrain-en/buy-adidas-youth-breakbase/Z2F005992881B80C3EAF3Z/p/,19.35,BHD,25.91,-26%
Kids Fisherman Sandals,https://www.namshi.com//bahrain-en/buy-crocs-kids-fisherman-sandals/ZB02A8004CEA5D310F679Z/p/,21.52,BHD,,
Infant Tensaur Run 3.0 El,https://www.namshi.com//bahrain-en/buy-adidas-infant-tensaur-run-3-0-el/Z27B6A0A2A4A8D5D49B4BZ/p/,17.64,BHD,18.32,-4%
Kids 530,https://www.namshi.com//bahrain-en/buy-new-balance-kids-530/VC8FDC2885DA79488E812V/p/,49.97,BHD,,
Youth Air Jordan 4 Rm Bg,https://www.namshi.com//bahrain-en/buy-jordan-youth-air-jordan-4-rm-bg/Z910C74A193B0A9914D64Z/p/,32.44,BHD,62.76,-49%
Youth Soft Wired 2 Sliptech Ps,https://www.namshi.com//bahrain-en/buy-puma-youth-soft-wired-2-sliptech-ps/Z7DEAA719EB4CE0157127Z/p/,12.63,BHD,24.83,-50%
Kids Fisherman Sandals,https://www.namshi.com//bahrain-en/buy-crocs-kids-fisherman-sandals/ZB02A8004CEA5D310F679Z/p/,21.52,BHD,,
Youth Air Jordan 4 Rm Bg,https://www.namshi.com//bahrain-en/buy-jordan-youth-air-jordan-4-rm-bg/Z910C74A193B0A9914D64Z/p/,32.44,BHD,62.76,-49%
Youth Soft Wired 2 Sliptech Ps,https://www.namshi.com//bahrain-en/buy-puma-youth-soft-wired-2-sliptech-ps/Z7DEAA719EB4CE0157127Z/p/,12.63,BHD,24.83,-50%
Kids Navy Low-Top Casual  Slip On Sneakers - Sleek Everyday Style and Comfort for Effortless Wear,https://www.namshi.com//bahrain-en/buy-u-s-polo-assn-kids-navy-low-top-casual-slip-on-sneakers-sleek-everyday-style-and-comfort-for-effortless-wear/ZDB6B9AF962F786065068Z/p/,22.48,BHD,40.37,-45%
Youth Copa Pure IV Club FG,https://www.namshi.com//bahrain-en/buy-adidas-youth-copa-pure-iv-club-fg/Z14437F9C87FE39EA02CBZ/p/,14.46,BHD,22.66,-37%
Infant Campus 00S Cf El,https://www.namshi.com//bahrain-en/buy-adidas-originals-infant-campus-00s-cf-el/ZD2EEC2F4AAFC18FACFA3Z/p/,17.42,BHD,30.24,-43%
Kids All-Day Active Ac+ Ps,https://www.namshi.com//bahrain-en/buy-puma-kids-all-day-active-ac-ps/Z6EA9B748E4E132C71B99Z/p/,12.07,BHD,20.49,-42%
Infant Handball Spezial,https://www.namshi.com//bahrain-en/buy-adidas-originals-infant-handball-spezial/ZE94BE40F93A7F682DF49Z/p/,15.6,BHD,27.00,-43%
Youth Pegasus Trail 5 Gs,https://www.namshi.com//bahrain-en/buy-nike-youth-pegasus-trail-5-gs/V4F33F943C1ED00BBC2AFV/p/,25.95,BHD,62.76,-59%
Youth Lightblaze,https://www.namshi.com//bahrain-en/buy-adidas-youth-lightblaze/VDDF7CD8D9671373AB047V/p/,22.99,BHD,32.41,-30%
Youth Court Borough Low Recraft Bg,https://www.namshi.com//bahrain-en/buy-nike-youth-court-borough-low-recraft-bg/Z88FA2F0B10F72146E2B6Z/p/,44.28,BHD,,
Infant Handball Spezial Cf,https://www.namshi.com//bahrain-en/buy-adidas-originals-infant-handball-spezial-cf/Z8ABE77B8152A302063E3Z/p/,22.2,BHD,27.00,-18%
Infant Duramo Sl2 El,https://www.namshi.com//bahrain-en/buy-adidas-infant-duramo-sl2-el/Z2D16DE87ADF36DAB6DB6Z/p/,16.17,BHD,20.49,-22%
Youth F50 Club TF,https://www.namshi.com//bahrain-en/buy-adidas-youth-f50-club-tf/Z9E3B012CB85330B1BEFDZ/p/,17.64,BHD,25.91,-32%
Youth Graviton,https://www.namshi.com//bahrain-en/buy-puma-youth-graviton/Z752BBAEBAB8EDFFF691DZ/p/,14.57,BHD,27.00,-47%
Kids Tensaur Sport 3.0,https://www.namshi.com//bahrain-en/buy-adidas-kids-tensaur-sport-3-0/ZBAD24F665C6BF587BE23Z/p/,13.32,BHD,19.41,-32%
Kids Grand Court 00S,https://www.namshi.com//bahrain-en/buy-adidas-kids-grand-court-00s/V465E62D5917FE2361B51V/p/,19.35,BHD,25.91,-26%
Kids Navy Low-Top Casual  Slip On Sneakers - Sleek Everyday Style and Comfort for Effortless Wear,https://www.namshi.com//bahrain-en/buy-u-s-polo-assn-kids-navy-low-top-casual-slip-on-sneakers-sleek-everyday-style-and-comfort-for-effortless-wear/ZDB6B9AF962F786065068Z/p/,22.48,BHD,40.37,-45%
Nike Air Max Nova,https://www.namshi.com//bahrain-en/buy-nike-nike-air-max-nova/VCA27F2FCD2DE50F5BB4EV/p/,44.28,BHD,,
Youth Flex Runner 4 Gs,https://www.namshi.com//bahrain-en/buy-nike-youth-flex-runner-4-gs/ZEC46ED2F82D350D277D7Z/p/,29.48,BHD,,
Kids Pokemon Print Classic Clog,https://www.namshi.com//bahrain-en/buy-crocs-kids-pokemon-print-classic-clog/Z0A4004CC532C066FFDE9Z/p/,22.31,BHD,30.24,-27%
Youth Copa Pure IV Club FG,https://www.namshi.com//bahrain-en/buy-adidas-youth-copa-pure-iv-club-fg/Z14437F9C87FE39EA02CBZ/p/,14.46,BHD,22.66,-37%
Infant Campus 00S Cf El,https://www.namshi.com//bahrain-en/buy-adidas-originals-infant-campus-00s-cf-el/ZD2EEC2F4AAFC18FACFA3Z/p/,17.42,BHD,30.24,-43%
Kids All-Day Active Ac+ Ps,https://www.namshi.com//bahrain-en/buy-puma-kids-all-day-active-ac-ps/Z6EA9B748E4E132C71B99Z/p/,12.07,BHD,20.49,-42%
Youth Crocband Clogs,https://www.namshi.com//bahrain-en/buy-crocs-youth-crocband-clogs/Z187BCB5C98E75231C114Z/p/,19.81,BHD,24.83,-21%
Kids R78 Lightwind V Ps,https://www.namshi.com//bahrain-en/buy-puma-kids-r78-lightwind-v-ps/Z860ACF2C318EFD221B37Z/p/,12.63,BHD,21.57,-42%
Kids Milano EVA  Narrow Fit Sandals,https://www.namshi.com//bahrain-en/buy-birkenstock-kids-milano-eva-narrow-fit-sandals/ZB870C7AACB482A76B4D3Z/p/,21.52,BHD,,
Infant Handball Spezial,https://www.namshi.com//bahrain-en/buy-adidas-originals-infant-handball-spezial/ZE94BE40F93A7F682DF49Z/p/,15.6,BHD,27.00,-43%
Youth Handball Spezial,https://www.namshi.com//bahrain-en/buy-adidas-originals-youth-handball-spezial/Z0AD474F733ADCDC6D93EZ/p/,34.15,BHD,46.50,-27%
Kids Go Run 400 V2,https://www.namshi.com//bahrain-en/buy-skechers-kids-go-run-400-v2/Z1D899281CF4962FECBFAZ/p/,13.09,BHD,16.48,-21%
Youth Pegasus Trail 5 Gs,https://www.namshi.com//bahrain-en/buy-nike-youth-pegasus-trail-5-gs/V4F33F943C1ED00BBC2AFV/p/,25.95,BHD,62.76,-59%
Youth Flex Runner 4 Gs,https://www.namshi.com//bahrain-en/buy-nike-youth-flex-runner-4-gs/VE2C3086D522D7ECBDB6FV/p/,21.06,BHD,27.00,-22%
NIKE COSMIC RUNNER GS,https://www.namshi.com//bahrain-en/buy-nike-nike-cosmic-runner-gs/ZA4DE79A09A03875653A8Z/p/,35.17,BHD,,
Youth P-6000 Bg,https://www.namshi.com//bahrain-en/buy-nike-youth-p-6000-bg/ZD31518FBE81F48369461Z/p/,31.87,BHD,48.67,-35%
Kids Tensaur Comfort Ac,https://www.namshi.com//bahrain-en/buy-adidas-kids-tensaur-comfort-ac/Z7F61BC1FC7148558992DZ/p/,13.55,BHD,21.57,-38%
Kids Bounder,https://www.namshi.com//bahrain-en/buy-skechers-kids-bounder/ZB027D15476B1180F3B3EZ/p/,12.07,BHD,16.48,-27%
Youth Star Runner 5 Gs,https://www.namshi.com//bahrain-en/buy-nike-youth-star-runner-5-gs/Z2A174440C66E85D74B59Z/p/,20.26,BHD,30.24,-34%
Kids Runfalcon 5 El,https://www.namshi.com//bahrain-en/buy-adidas-kids-runfalcon-5-el/Z08A8DED5CCC819F93AC7Z/p/,23.79,BHD,,
Kids Duramo Sl,https://www.namshi.com//bahrain-en/buy-adidas-kids-duramo-sl/Z7B6F8D6CB35C6B1D8991Z/p/,24.93,BHD,,
Kids Speedcat Paw Patrol Ps,https://www.namshi.com//bahrain-en/buy-puma-kids-speedcat-paw-patrol-ps/Z42F65C1955CCCD706E4FZ/p/,40.87,BHD,,
Kids Evolve Run Sl Ac+ Ps,https://www.namshi.com//bahrain-en/buy-puma-kids-evolve-run-sl-ac-ps/VBE1A10835E8AB12E2304V/p/,21.52,BHD,,
Kids Predator Club Ft El Fg/Mg,https://www.namshi.com//bahrain-en/buy-adidas-kids-predator-club-ft-el-fg-mg/ZE8E33CD11BBE0FDE9A19Z/p/,30.62,BHD,,
Youth Novablast 5 Gs,https://www.namshi.com//bahrain-en/buy-asics-youth-novablast-5-gs/Z078C7C7B39F360500B91Z/p/,44.96,BHD,,
Kids Max Invigor Bp,https://www.namshi.com//bahrain-en/buy-nike-kids-max-invigor-bp/Z098D36EEA239A6EAB4E9Z/p/,44.28,BHD,,
NIKE DUNK LOW N BP,https://www.namshi.com//bahrain-en/buy-nike-nike-dunk-low-n-bp/Z669D3F0DA8B43A3FABCCZ/p/,46.55,BHD,,
Youth Air Max Phoenix Bg,https://www.namshi.com//bahrain-en/buy-nike-youth-air-max-phoenix-bg/Z2EF12A1DD661C4441E18Z/p/,67.04,BHD,,
Youth Jordan Spizike Low Bg,https://www.namshi.com//bahrain-en/buy-jordan-youth-jordan-spizike-low-bg/Z3F2FBC81300055B8D1A2Z/p/,69.32,BHD,,
Youth Air Max Dn Bg,https://www.namshi.com//bahrain-en/buy-nike-youth-air-max-dn-bg/Z789122A95D3B3D758FB7Z/p/,52.93,BHD,70.35,-25%
Kids Slide Sandals,https://www.namshi.com//bahrain-en/buy-speedo-kids-slide-sandals/Z226DC05BF13BE5540094Z/p/,10.36,BHD,10.95,-6%
Youth Air Max Bia Bg,https://www.namshi.com//bahrain-en/buy-nike-youth-air-max-bia-bg/Z173E2B9318C82861E4A8Z/p/,52.25,BHD,,
Kids Fade Nitro Pikachu Ps,https://www.namshi.com//bahrain-en/buy-puma-kids-fade-nitro-pikachu-ps/ZABF0044C236DD1C30A70Z/p/,51.11,BHD,,
Kids Grand Court Spider-Man El,https://www.namshi.com//bahrain-en/buy-adidas-kids-grand-court-spider-man-el/Z4F18ABFABA61B87A22B0Z/p/,30.62,BHD,,
Jordan Flight Court,https://www.namshi.com//bahrain-en/buy-jordan-jordan-flight-court/Z4EE061159A21B01428F2Z/p/,46.55,BHD,,
Infant Lightorama Court El,https://www.namshi.com//bahrain-en/buy-adidas-infant-lightorama-court-el/ZDC3799FBA0FF1CF4EB5AZ/p/,29.48,BHD,,
Toddler Classic Clogs,https://www.namshi.com//bahrain-en/buy-crocs-toddler-classic-clogs/Z1AD7B3C315593641561DZ/p/,18.1,BHD,,
Toddler Classic Clogs,https://www.namshi.com//bahrain-en/buy-crocs-toddler-classic-clogs/Z7A62DB48B91E22F7EEE7Z/p/,18.1,BHD,,
Infant Japan S Ts,https://www.namshi.com//bahrain-en/buy-asics-infant-japan-s-ts/ZEF2FEA3FD39287762E66Z/p/,28.46,BHD,,
Kids Jordan Max Aura 7 Bg,https://www.namshi.com//bahrain-en/buy-jordan-kids-jordan-max-aura-7-bg/Z72FCE97A3FEB5F9F33D7Z/p/,52.25,BHD,,
Youth P-6000 Bg,https://www.namshi.com//bahrain-en/buy-nike-youth-p-6000-bg/Z12D11426C0332473471DZ/p/,55.66,BHD,,
TEAM HUSTLE D 12 PS,https://www.namshi.com//bahrain-en/buy-nike-team-hustle-d-12-ps/V274BC2C409AB1E1ABEABV/p/,38.59,BHD,,
Kids Suede Xl Super Ps,https://www.namshi.com//bahrain-en/buy-puma-kids-suede-xl-super-ps/Z40554282AB262D47E7A1Z/p/,35.17,BHD,,
Kids Handball Spezial,https://www.namshi.com//bahrain-en/buy-adidas-originals-kids-handball-spezial/ZC09BE65A050600E34E83Z/p/,22.65,BHD,30.24,-26%
Infant Palermo Paw Patrol Ac,https://www.namshi.com//bahrain-en/buy-puma-infant-palermo-paw-patrol-ac/Z7682DA9C88EE1C68CE1DZ/p/,31.76,BHD,,
Kids Lightorama Court El,https://www.namshi.com//bahrain-en/buy-adidas-kids-lightorama-court-el/Z07C252E1FA73C6485071Z/p/,35.17,BHD,,
Youth P-6000 Bg,https://www.namshi.com//bahrain-en/buy-nike-youth-p-6000-bg/ZD31518FBE81F48369461Z/p/,31.87,BHD,48.67,-35%
Kids Tensaur Comfort Ac,https://www.namshi.com//bahrain-en/buy-adidas-kids-tensaur-comfort-ac/Z7F61BC1FC7148558992DZ/p/,13.55,BHD,21.57,-38%
Youth Star Runner 5 Gs,https://www.namshi.com//bahrain-en/buy-nike-youth-star-runner-5-gs/Z2A174440C66E85D74B59Z/p/,20.26,BHD,30.24,-34%
Kids Stellar Ride Psv,https://www.namshi.com//bahrain-en/buy-nike-kids-stellar-ride-psv/Z318BE3399AFEA7C01BA0Z/p/,20.26,BHD,30.24,-34%
Kids Popcat 20,https://www.namshi.com//bahrain-en/buy-puma-kids-popcat-20/ZE92C2A3E4023F5914150Z/p/,7.06,BHD,10.73,-35%
Kids Metro Tek Bp,https://www.namshi.com//bahrain-en/buy-nike-kids-metro-tek-bp/VF6DA67221370C36D95D2V/p/,20.26,BHD,30.24,-34%
Youth Campus 00S,https://www.namshi.com//bahrain-en/buy-adidas-originals-youth-campus-00s/ZD43695513BFE7833F7ACZ/p/,30.16,BHD,54.09,-45%
Infant Lightorama Rnr El,https://www.namshi.com//bahrain-en/buy-adidas-infant-lightorama-rnr-el/ZB87B61C8BFC6561D15FEZ/p/,15.37,BHD,25.91,-41%
"Kids' Black Velcro Strap Sneakers Shoes - Comfy, Cushioned Sole for All-Day Play!",https://www.namshi.com//bahrain-en/buy-u-s-polo-assn-kids-black-velcro-strap-sneakers-shoes-comfy-cushioned-sole-for-all-day-play/Z15606337000E69042DF8Z/p/,20.1,BHD,33.22,-40%
"Kids' White Velcro Strap Sneakers Shoes - Comfy, Cushioned Sole for All-Day Play!",https://www.namshi.com//bahrain-en/buy-u-s-polo-assn-kids-white-velcro-strap-sneakers-shoes-comfy-cushioned-sole-for-all-day-play/Z07C21142DBD9EF549750Z/p/,14.14,BHD,33.22,-58%
Youth Tensaur Run 4.0,https://www.namshi.com//bahrain-en/buy-adidas-youth-tensaur-run-4-0/ZC73C5EA277A33AA27ECCZ/p/,24.93,BHD,,
Youth Future 9 Play FG,https://www.namshi.com//bahrain-en/buy-puma-youth-future-9-play-fg/Z1204BB03B03E1AE59EBEZ/p/,28.34,BHD,,
Youth Mostro Espeon,https://www.namshi.com//bahrain-en/buy-puma-youth-mostro-espeon/Z90CD93CCD66D19CC5CF0Z/p/,55.66,BHD,,
Kids Japan S Ps,https://www.namshi.com//bahrain-en/buy-asics-kids-japan-s-ps/Z9C4B1560D554D3121766Z/p/,31.3,BHD,,
Kids Predator Club Fg/Mg,https://www.namshi.com//bahrain-en/buy-adidas-kids-predator-club-fg-mg/Z7270256120307B43DD71Z/p/,29.48,BHD,,
Youth Handball Spezial,https://www.namshi.com//bahrain-en/buy-adidas-originals-youth-handball-spezial/Z9DD1243147F1159481C8Z/p/,49.97,BHD,,
Youth Colorblock Sneaker,https://www.namshi.com//bahrain-en/buy-reserved-youth-colorblock-sneaker/ZB7B1A5FDCFD52A516AA4Z/p/,18.56,BHD,,
Kids Hoops Classic El,https://www.namshi.com//bahrain-en/buy-adidas-kids-hoops-classic-el/ZB6FB2EF94DCEA5168B3EZ/p/,29.48,BHD,,
Youth 1906,https://www.namshi.com//bahrain-en/buy-new-balance-youth-1906/Z34D5482838ADFE02EE34Z/p/,57.94,BHD,,
Jordan 23/7.2 EasyOn SE,https://www.namshi.com//bahrain-en/buy-jordan-jordan-23-7-2-easyon-se/ZB9095D631E5AED95F1C1Z/p/,49.97,BHD,,
Infant Lightorama Court El,https://www.namshi.com//bahrain-en/buy-adidas-infant-lightorama-court-el/Z9CC2AD76C07516DF233DZ/p/,29.48,BHD,,
Infant Vortex 2.0,https://www.namshi.com//bahrain-en/buy-skechers-infant-vortex-2-0/Z289C0F4B7B3007EFC71FZ/p/,21.52,BHD,,
Infant Classic Clogs,https://www.namshi.com//bahrain-en/buy-crocs-infant-classic-clogs/Z6513DF8098FD9AE2F1B5Z/p/,18.1,BHD,,
Youth Stellar Ride Gs,https://www.namshi.com//bahrain-en/buy-nike-youth-stellar-ride-gs/Z979F5DDCE9855D7333C0Z/p/,40.87,BHD,,
NIKE PACIFIC GS,https://www.namshi.com//bahrain-en/buy-nike-nike-pacific-gs/Z95F4B4B7E30C12EC1D91Z/p/,44.28,BHD,,
JORDAN COURT CONNECT LOW BG,https://www.namshi.com//bahrain-en/buy-jordan-jordan-court-connect-low-bg/Z95254106D87114F8D16FZ/p/,40.87,BHD,,
Youth Air Jordan 1 Low Bg,https://www.namshi.com//bahrain-en/buy-jordan-youth-air-jordan-1-low-bg/ZE994C9CBD94184BEA6A4Z/p/,55.66,BHD,,
AIR MAX 270 BG,https://www.namshi.com//bahrain-en/buy-nike-air-max-270-bg/ZC991A35D536EF9E4F601Z/p/,63.63,BHD,,
Infant Japan S Ts,https://www.namshi.com//bahrain-en/buy-asics-infant-japan-s-ts/Z09317E39BEA82A7CFBEFZ/p/,28.46,BHD,,
Kids Handball Spezial Messi,https://www.namshi.com//bahrain-en/buy-adidas-kids-handball-spezial-messi/ZC5D2D5AC09211F20B941Z/p/,35.17,BHD,,
Youth Uplift Sc Bg,https://www.namshi.com//bahrain-en/buy-nike-youth-uplift-sc-bg/Z74D58D9EA62F48E8298EZ/p/,35.17,BHD,,
Youth Air Max 90 Ltr Gs,https://www.namshi.com//bahrain-en/buy-nike-youth-air-max-90-ltr-gs/Z1ED2D279EFD5A6B7571AZ/p/,61.35,BHD,,
Kids Air Max Bia Bp,https://www.namshi.com//bahrain-en/buy-nike-kids-air-max-bia-bp/ZFC8B2CB66E746C650129Z/p/,40.87,BHD,,
Youth 9060,https://www.namshi.com//bahrain-en/buy-new-balance-youth-9060/ZC6BCE915E80914429508Z/p/,57.94,BHD,,
Youth Campio Xt,https://www.namshi.com//bahrain-en/buy-reebok-youth-campio-xt/ZF05AF4FE10C97DB633F8Z/p/,21.85,BHD,35.67,-39%
Youth Eclyptix 2000,https://www.namshi.com//bahrain-en/buy-adidas-youth-eclyptix-2000/Z0453A4022F961D340436Z/p/,30.62,BHD,,
Youth Runfalcon 6,https://www.namshi.com//bahrain-en/buy-adidas-youth-runfalcon-6/Z83243E35601037E242DBZ/p/,28.34,BHD,,
Jordan Session,https://www.namshi.com//bahrain-en/buy-jordan-jordan-session/Z7F39B5389C497F9DBD63Z/p/,40.87,BHD,,
Youth Revolution 7,https://www.namshi.com//bahrain-en/buy-nike-youth-revolution-7/ZAB7E10A584F9E970F7F7Z/p/,28.69,BHD,37.40,-24%
Youth Jordan Sixty Plus Low Bg,https://www.namshi.com//bahrain-en/buy-jordan-youth-jordan-sixty-plus-low-bg/Z94A73E5C40BED52BC18BZ/p/,72.73,BHD,,
Infant Runfalcon 6 El,https://www.namshi.com//bahrain-en/buy-adidas-infant-runfalcon-6-el/Z897D8662462FE47AB117Z/p/,22.65,BHD,,
Youth Break Start,https://www.namshi.com//bahrain-en/buy-adidas-youth-break-start/Z9D35EC173BC092695215Z/p/,21.17,BHD,27.00,-22%
Junior Anthony Edwards 1 J Low,https://www.namshi.com//bahrain-en/buy-adidas-junior-anthony-edwards-1-j-low/ZF44885ED7CAC1270E09FZ/p/,52.36,BHD,,
Youth Free Ride Gs,https://www.namshi.com//bahrain-en/buy-nike-youth-free-ride-gs/ZCDC530A365AE3DE131FBZ/p/,49.97,BHD,,
Youth Fade Nitro Umbreon,https://www.namshi.com//bahrain-en/buy-puma-youth-fade-nitro-umbreon/Z1A737066110B5F5EE038Z/p/,55.66,BHD,,
Youth Air Max Bia Bg,https://www.namshi.com//bahrain-en/buy-nike-youth-air-max-bia-bg/Z18AEF8F30BCFF16EBCE5Z/p/,52.25,BHD,,
Infant Grand Court 3.0 Bubble Cf,https://www.namshi.com//bahrain-en/buy-adidas-infant-grand-court-3-0-bubble-cf/Z51B3EB69EE59B14A0332Z/p/,20.38,BHD,,
Youth Jordan Sixty Plus Low Bg,https://www.namshi.com//bahrain-en/buy-jordan-youth-jordan-sixty-plus-low-bg/Z51B44A08D1A8C572EB19Z/p/,72.73,BHD,,
Jordan Session,https://www.namshi.com//bahrain-en/buy-jordan-jordan-session/ZC1E2F2422A86ECEA0F37Z/p/,40.87,BHD,,
Youth Uplift Sc Bg,https://www.namshi.com//bahrain-en/buy-nike-youth-uplift-sc-bg/Z757F21E6FAF141888570Z/p/,35.17,BHD,,
Kids F50 Messi Club Tf,https://www.namshi.com//bahrain-en/buy-adidas-kids-f50-messi-club-tf/Z643D8F1F88481E389678Z/p/,30.62,BHD,,
Youth Bgs Ascend,https://www.namshi.com//bahrain-en/buy-under-armour-youth-bgs-ascend/Z988B0244172DF0AA22E7Z/p/,22.54,BHD,27.00,-17%
Infant Crocband Cruiser Sandals,https://www.namshi.com//bahrain-en/buy-crocs-infant-crocband-cruiser-sandals/Z8A543701A1B48E085834Z/p/,21.52,BHD,,
NIKE STELLAR RIDE PSV,https://www.namshi.com//bahrain-en/buy-nike-nike-stellar-ride-psv/Z6C622E9E7FDE92EAA256Z/p/,35.17,BHD,,
Infant Crocband Clog Sandals,https://www.namshi.com//bahrain-en/buy-crocs-infant-crocband-clog-sandals/Z063EAE1373C0281E664DZ/p/,23.79,BHD,,
AIR ZOOM PEGASUS 42 GS,https://www.namshi.com//bahrain-en/buy-nike-air-zoom-pegasus-42-gs/Z029CB8309AE9EE87FEB0Z/p/,61.35,BHD,,
